Experiment ID	Chip ID	Anatomical entity ID	Anatomical entity name	Stage ID	Stage name	IQRray score	MAS5 percent present	Normalization type	Scan date	Chip type ID	CDF name	Chip type name	IQRray score threshold for the chip type	MAS5 percent present threshold for the chip type	Data source	Data source URL	Bgee normalized data URL	Bgee normalized data file	Bgee raw file URL
GSE10246	GSM258611	UBERON:0001348	brown adipose tissue	MmusDv:0000062	2 month-old stage (mouse)	163622.5	45.89	gcRMA	12/19/06 12:22:33	A-AFFY-45	Mouse430_2	Affymetrix GeneChip Mouse Genome 430 2.0 [Mouse430_2]	120465.97	30.36	GEO	http://www.ncbi.nlm.nih.gov/geo/query/acc.cgi?acc=GSM258611	ftp://lausanne.isb-sib.ch/pub/databases/Bgee/bgee_v13_1/download/processed_expr_values/affymetrix/Mus_musculus/Mus_musculus_Affymetrix_probesets_GSE10246.zip	Mus_musculus_probesets_GSE10246_A-AFFY-45_gcRMA.tsv	ftp://lausanne.isb-sib.ch/pub/databases/Bgee/affymetrix_data/cel_files/GSE10246/GSM258611.CEL.gz
GSE10246	GSM258612	UBERON:0001348	brown adipose tissue	MmusDv:0000062	2 month-old stage (mouse)	161775.68	44.49	gcRMA	12/19/06 12:12:47	A-AFFY-45	Mouse430_2	Affymetrix GeneChip Mouse Genome 430 2.0 [Mouse430_2]	120465.97	30.36	GEO	http://www.ncbi.nlm.nih.gov/geo/query/acc.cgi?acc=GSM258612	ftp://lausanne.isb-sib.ch/pub/databases/Bgee/bgee_v13_1/download/processed_expr_values/affymetrix/Mus_musculus/Mus_musculus_Affymetrix_probesets_GSE10246.zip	Mus_musculus_probesets_GSE10246_A-AFFY-45_gcRMA.tsv	ftp://lausanne.isb-sib.ch/pub/databases/Bgee/affymetrix_data/cel_files/GSE10246/GSM258612.CEL.gz
GSE10246	GSM258613	UBERON:0001347	white adipose tissue	MmusDv:0000062	2 month-old stage (mouse)	170726.05	55.39	gcRMA	03/08/07 17:33:50	A-AFFY-45	Mouse430_2	Affymetrix GeneChip Mouse Genome 430 2.0 [Mouse430_2]	120465.97	30.36	GEO	http://www.ncbi.nlm.nih.gov/geo/query/acc.cgi?acc=GSM258613	ftp://lausanne.isb-sib.ch/pub/databases/Bgee/bgee_v13_1/download/processed_expr_values/affymetrix/Mus_musculus/Mus_musculus_Affymetrix_probesets_GSE10246.zip	Mus_musculus_probesets_GSE10246_A-AFFY-45_gcRMA.tsv	ftp://lausanne.isb-sib.ch/pub/databases/Bgee/affymetrix_data/cel_files/GSE10246/GSM258613.CEL.gz
GSE10246	GSM258614	UBERON:0001347	white adipose tissue	MmusDv:0000062	2 month-old stage (mouse)	175252.32	55.23	gcRMA	03/08/07 17:43:10	A-AFFY-45	Mouse430_2	Affymetrix GeneChip Mouse Genome 430 2.0 [Mouse430_2]	120465.97	30.36	GEO	http://www.ncbi.nlm.nih.gov/geo/query/acc.cgi?acc=GSM258614	ftp://lausanne.isb-sib.ch/pub/databases/Bgee/bgee_v13_1/download/processed_expr_values/affymetrix/Mus_musculus/Mus_musculus_Affymetrix_probesets_GSE10246.zip	Mus_musculus_probesets_GSE10246_A-AFFY-45_gcRMA.tsv	ftp://lausanne.isb-sib.ch/pub/databases/Bgee/affymetrix_data/cel_files/GSE10246/GSM258614.CEL.gz
GSE10246	GSM258615	UBERON:0002369	adrenal gland	MmusDv:0000062	2 month-old stage (mouse)	176199.5	57.44	gcRMA	03/08/07 16:48:55	A-AFFY-45	Mouse430_2	Affymetrix GeneChip Mouse Genome 430 2.0 [Mouse430_2]	120465.97	30.36	GEO	http://www.ncbi.nlm.nih.gov/geo/query/acc.cgi?acc=GSM258615	ftp://lausanne.isb-sib.ch/pub/databases/Bgee/bgee_v13_1/download/processed_expr_values/affymetrix/Mus_musculus/Mus_musculus_Affymetrix_probesets_GSE10246.zip	Mus_musculus_probesets_GSE10246_A-AFFY-45_gcRMA.tsv	ftp://lausanne.isb-sib.ch/pub/databases/Bgee/affymetrix_data/cel_files/GSE10246/GSM258615.CEL.gz
GSE10246	GSM258616	UBERON:0002369	adrenal gland	MmusDv:0000062	2 month-old stage (mouse)	171804.68	54.55	gcRMA	03/08/07 19:45:58	A-AFFY-45	Mouse430_2	Affymetrix GeneChip Mouse Genome 430 2.0 [Mouse430_2]	120465.97	30.36	GEO	http://www.ncbi.nlm.nih.gov/geo/query/acc.cgi?acc=GSM258616	ftp://lausanne.isb-sib.ch/pub/databases/Bgee/bgee_v13_1/download/processed_expr_values/affymetrix/Mus_musculus/Mus_musculus_Affymetrix_probesets_GSE10246.zip	Mus_musculus_probesets_GSE10246_A-AFFY-45_gcRMA.tsv	ftp://lausanne.isb-sib.ch/pub/databases/Bgee/affymetrix_data/cel_files/GSE10246/GSM258616.CEL.gz
GSE10246	GSM258617	UBERON:0001876	amygdala	MmusDv:0000062	2 month-old stage (mouse)	178572.41	56.05	gcRMA	03/08/07 16:11:44	A-AFFY-45	Mouse430_2	Affymetrix GeneChip Mouse Genome 430 2.0 [Mouse430_2]	120465.97	30.36	GEO	http://www.ncbi.nlm.nih.gov/geo/query/acc.cgi?acc=GSM258617	ftp://lausanne.isb-sib.ch/pub/databases/Bgee/bgee_v13_1/download/processed_expr_values/affymetrix/Mus_musculus/Mus_musculus_Affymetrix_probesets_GSE10246.zip	Mus_musculus_probesets_GSE10246_A-AFFY-45_gcRMA.tsv	ftp://lausanne.isb-sib.ch/pub/databases/Bgee/affymetrix_data/cel_files/GSE10246/GSM258617.CEL.gz
GSE10246	GSM258618	UBERON:0001876	amygdala	MmusDv:0000062	2 month-old stage (mouse)	178960.23	56.34	gcRMA	03/08/07 16:21:08	A-AFFY-45	Mouse430_2	Affymetrix GeneChip Mouse Genome 430 2.0 [Mouse430_2]	120465.97	30.36	GEO	http://www.ncbi.nlm.nih.gov/geo/query/acc.cgi?acc=GSM258618	ftp://lausanne.isb-sib.ch/pub/databases/Bgee/bgee_v13_1/download/processed_expr_values/affymetrix/Mus_musculus/Mus_musculus_Affymetrix_probesets_GSE10246.zip	Mus_musculus_probesets_GSE10246_A-AFFY-45_gcRMA.tsv	ftp://lausanne.isb-sib.ch/pub/databases/Bgee/affymetrix_data/cel_files/GSE10246/GSM258618.CEL.gz
GSE10246	GSM258623	UBERON:0001255	urinary bladder	MmusDv:0000062	2 month-old stage (mouse)	175371.77	52.46	gcRMA	12/19/06 13:37:42	A-AFFY-45	Mouse430_2	Affymetrix GeneChip Mouse Genome 430 2.0 [Mouse430_2]	120465.97	30.36	GEO	http://www.ncbi.nlm.nih.gov/geo/query/acc.cgi?acc=GSM258623	ftp://lausanne.isb-sib.ch/pub/databases/Bgee/bgee_v13_1/download/processed_expr_values/affymetrix/Mus_musculus/Mus_musculus_Affymetrix_probesets_GSE10246.zip	Mus_musculus_probesets_GSE10246_A-AFFY-45_gcRMA.tsv	ftp://lausanne.isb-sib.ch/pub/databases/Bgee/affymetrix_data/cel_files/GSE10246/GSM258623.CEL.gz
GSE10246	GSM258624	UBERON:0001255	urinary bladder	MmusDv:0000062	2 month-old stage (mouse)	168532.59	52.33	gcRMA	12/19/06 13:09:18	A-AFFY-45	Mouse430_2	Affymetrix GeneChip Mouse Genome 430 2.0 [Mouse430_2]	120465.97	30.36	GEO	http://www.ncbi.nlm.nih.gov/geo/query/acc.cgi?acc=GSM258624	ftp://lausanne.isb-sib.ch/pub/databases/Bgee/bgee_v13_1/download/processed_expr_values/affymetrix/Mus_musculus/Mus_musculus_Affymetrix_probesets_GSE10246.zip	Mus_musculus_probesets_GSE10246_A-AFFY-45_gcRMA.tsv	ftp://lausanne.isb-sib.ch/pub/databases/Bgee/affymetrix_data/cel_files/GSE10246/GSM258624.CEL.gz
GSE10246	GSM258625	UBERON:0001474	bone element	MmusDv:0000062	2 month-old stage (mouse)	165827.73	51.14	gcRMA	03/09/07 11:16:59	A-AFFY-45	Mouse430_2	Affymetrix GeneChip Mouse Genome 430 2.0 [Mouse430_2]	120465.97	30.36	GEO	http://www.ncbi.nlm.nih.gov/geo/query/acc.cgi?acc=GSM258625	ftp://lausanne.isb-sib.ch/pub/databases/Bgee/bgee_v13_1/download/processed_expr_values/affymetrix/Mus_musculus/Mus_musculus_Affymetrix_probesets_GSE10246.zip	Mus_musculus_probesets_GSE10246_A-AFFY-45_gcRMA.tsv	ftp://lausanne.isb-sib.ch/pub/databases/Bgee/affymetrix_data/cel_files/GSE10246/GSM258625.CEL.gz
GSE10246	GSM258626	UBERON:0001474	bone element	MmusDv:0000062	2 month-old stage (mouse)	167383.91	52.79	gcRMA	03/08/07 17:54:59	A-AFFY-45	Mouse430_2	Affymetrix GeneChip Mouse Genome 430 2.0 [Mouse430_2]	120465.97	30.36	GEO	http://www.ncbi.nlm.nih.gov/geo/query/acc.cgi?acc=GSM258626	ftp://lausanne.isb-sib.ch/pub/databases/Bgee/bgee_v13_1/download/processed_expr_values/affymetrix/Mus_musculus/Mus_musculus_Affymetrix_probesets_GSE10246.zip	Mus_musculus_probesets_GSE10246_A-AFFY-45_gcRMA.tsv	ftp://lausanne.isb-sib.ch/pub/databases/Bgee/affymetrix_data/cel_files/GSE10246/GSM258626.CEL.gz
GSE10246	GSM258627	UBERON:0002371	bone marrow	MmusDv:0000062	2 month-old stage (mouse)	169946.14	46.79	gcRMA	12/18/06 11:59:35	A-AFFY-45	Mouse430_2	Affymetrix GeneChip Mouse Genome 430 2.0 [Mouse430_2]	120465.97	30.36	GEO	http://www.ncbi.nlm.nih.gov/geo/query/acc.cgi?acc=GSM258627	ftp://lausanne.isb-sib.ch/pub/databases/Bgee/bgee_v13_1/download/processed_expr_values/affymetrix/Mus_musculus/Mus_musculus_Affymetrix_probesets_GSE10246.zip	Mus_musculus_probesets_GSE10246_A-AFFY-45_gcRMA.tsv	ftp://lausanne.isb-sib.ch/pub/databases/Bgee/affymetrix_data/cel_files/GSE10246/GSM258627.CEL.gz
GSE10246	GSM258628	UBERON:0002371	bone marrow	MmusDv:0000062	2 month-old stage (mouse)	176217.23	50.9	gcRMA	12/18/06 11:50:05	A-AFFY-45	Mouse430_2	Affymetrix GeneChip Mouse Genome 430 2.0 [Mouse430_2]	120465.97	30.36	GEO	http://www.ncbi.nlm.nih.gov/geo/query/acc.cgi?acc=GSM258628	ftp://lausanne.isb-sib.ch/pub/databases/Bgee/bgee_v13_1/download/processed_expr_values/affymetrix/Mus_musculus/Mus_musculus_Affymetrix_probesets_GSE10246.zip	Mus_musculus_probesets_GSE10246_A-AFFY-45_gcRMA.tsv	ftp://lausanne.isb-sib.ch/pub/databases/Bgee/affymetrix_data/cel_files/GSE10246/GSM258628.CEL.gz
GSE10246	GSM258633	UBERON:0002037	cerebellum	MmusDv:0000062	2 month-old stage (mouse)	163110.18	50.71	gcRMA	12/15/06 12:41:32	A-AFFY-45	Mouse430_2	Affymetrix GeneChip Mouse Genome 430 2.0 [Mouse430_2]	120465.97	30.36	GEO	http://www.ncbi.nlm.nih.gov/geo/query/acc.cgi?acc=GSM258633	ftp://lausanne.isb-sib.ch/pub/databases/Bgee/bgee_v13_1/download/processed_expr_values/affymetrix/Mus_musculus/Mus_musculus_Affymetrix_probesets_GSE10246.zip	Mus_musculus_probesets_GSE10246_A-AFFY-45_gcRMA.tsv	ftp://lausanne.isb-sib.ch/pub/databases/Bgee/affymetrix_data/cel_files/GSE10246/GSM258633.CEL.gz
GSE10246	GSM258634	UBERON:0002037	cerebellum	MmusDv:0000062	2 month-old stage (mouse)	166124.23	52.22	gcRMA	12/15/06 12:51:12	A-AFFY-45	Mouse430_2	Affymetrix GeneChip Mouse Genome 430 2.0 [Mouse430_2]	120465.97	30.36	GEO	http://www.ncbi.nlm.nih.gov/geo/query/acc.cgi?acc=GSM258634	ftp://lausanne.isb-sib.ch/pub/databases/Bgee/bgee_v13_1/download/processed_expr_values/affymetrix/Mus_musculus/Mus_musculus_Affymetrix_probesets_GSE10246.zip	Mus_musculus_probesets_GSE10246_A-AFFY-45_gcRMA.tsv	ftp://lausanne.isb-sib.ch/pub/databases/Bgee/affymetrix_data/cel_files/GSE10246/GSM258634.CEL.gz
GSE10246	GSM258635	UBERON:0000956	cerebral cortex	MmusDv:0000062	2 month-old stage (mouse)	170042.23	53.25	gcRMA	12/15/06 13:48:51	A-AFFY-45	Mouse430_2	Affymetrix GeneChip Mouse Genome 430 2.0 [Mouse430_2]	120465.97	30.36	GEO	http://www.ncbi.nlm.nih.gov/geo/query/acc.cgi?acc=GSM258635	ftp://lausanne.isb-sib.ch/pub/databases/Bgee/bgee_v13_1/download/processed_expr_values/affymetrix/Mus_musculus/Mus_musculus_Affymetrix_probesets_GSE10246.zip	Mus_musculus_probesets_GSE10246_A-AFFY-45_gcRMA.tsv	ftp://lausanne.isb-sib.ch/pub/databases/Bgee/affymetrix_data/cel_files/GSE10246/GSM258635.CEL.gz
GSE10246	GSM258636	UBERON:0000956	cerebral cortex	MmusDv:0000062	2 month-old stage (mouse)	168454.55	52.52	gcRMA	12/15/06 13:58:05	A-AFFY-45	Mouse430_2	Affymetrix GeneChip Mouse Genome 430 2.0 [Mouse430_2]	120465.97	30.36	GEO	http://www.ncbi.nlm.nih.gov/geo/query/acc.cgi?acc=GSM258636	ftp://lausanne.isb-sib.ch/pub/databases/Bgee/bgee_v13_1/download/processed_expr_values/affymetrix/Mus_musculus/Mus_musculus_Affymetrix_probesets_GSE10246.zip	Mus_musculus_probesets_GSE10246_A-AFFY-45_gcRMA.tsv	ftp://lausanne.isb-sib.ch/pub/databases/Bgee/affymetrix_data/cel_files/GSE10246/GSM258636.CEL.gz
GSE10246	GSM258637	UBERON:0000451	prefrontal cortex	MmusDv:0000062	2 month-old stage (mouse)	185838.68	61.01	gcRMA	12/19/06 16:13:30	A-AFFY-45	Mouse430_2	Affymetrix GeneChip Mouse Genome 430 2.0 [Mouse430_2]	120465.97	30.36	GEO	http://www.ncbi.nlm.nih.gov/geo/query/acc.cgi?acc=GSM258637	ftp://lausanne.isb-sib.ch/pub/databases/Bgee/bgee_v13_1/download/processed_expr_values/affymetrix/Mus_musculus/Mus_musculus_Affymetrix_probesets_GSE10246.zip	Mus_musculus_probesets_GSE10246_A-AFFY-45_gcRMA.tsv	ftp://lausanne.isb-sib.ch/pub/databases/Bgee/affymetrix_data/cel_files/GSE10246/GSM258637.CEL.gz
GSE10246	GSM258638	UBERON:0000451	prefrontal cortex	MmusDv:0000062	2 month-old stage (mouse)	175785.95	57.76	gcRMA	12/19/06 16:22:58	A-AFFY-45	Mouse430_2	Affymetrix GeneChip Mouse Genome 430 2.0 [Mouse430_2]	120465.97	30.36	GEO	http://www.ncbi.nlm.nih.gov/geo/query/acc.cgi?acc=GSM258638	ftp://lausanne.isb-sib.ch/pub/databases/Bgee/bgee_v13_1/download/processed_expr_values/affymetrix/Mus_musculus/Mus_musculus_Affymetrix_probesets_GSE10246.zip	Mus_musculus_probesets_GSE10246_A-AFFY-45_gcRMA.tsv	ftp://lausanne.isb-sib.ch/pub/databases/Bgee/affymetrix_data/cel_files/GSE10246/GSM258638.CEL.gz
GSE10246	GSM258639	UBERON:0001775	ciliary body	MmusDv:0000062	2 month-old stage (mouse)	135349.77	45.02	gcRMA	03/27/07 11:46:08	A-AFFY-45	Mouse430_2	Affymetrix GeneChip Mouse Genome 430 2.0 [Mouse430_2]	120465.97	30.36	GEO	http://www.ncbi.nlm.nih.gov/geo/query/acc.cgi?acc=GSM258639	ftp://lausanne.isb-sib.ch/pub/databases/Bgee/bgee_v13_1/download/processed_expr_values/affymetrix/Mus_musculus/Mus_musculus_Affymetrix_probesets_GSE10246.zip	Mus_musculus_probesets_GSE10246_A-AFFY-45_gcRMA.tsv	ftp://lausanne.isb-sib.ch/pub/databases/Bgee/affymetrix_data/cel_files/GSE10246/GSM258639.CEL.gz
GSE10246	GSM258640	UBERON:0001775	ciliary body	MmusDv:0000062	2 month-old stage (mouse)	137939.27	45.99	gcRMA	12/21/06 12:53:55	A-AFFY-45	Mouse430_2	Affymetrix GeneChip Mouse Genome 430 2.0 [Mouse430_2]	120465.97	30.36	GEO	http://www.ncbi.nlm.nih.gov/geo/query/acc.cgi?acc=GSM258640	ftp://lausanne.isb-sib.ch/pub/databases/Bgee/bgee_v13_1/download/processed_expr_values/affymetrix/Mus_musculus/Mus_musculus_Affymetrix_probesets_GSE10246.zip	Mus_musculus_probesets_GSE10246_A-AFFY-45_gcRMA.tsv	ftp://lausanne.isb-sib.ch/pub/databases/Bgee/affymetrix_data/cel_files/GSE10246/GSM258640.CEL.gz
GSE10246	GSM258643	UBERON:0000964	cornea	MmusDv:0000062	2 month-old stage (mouse)	132476.18	38.82	gcRMA	12/21/06 11:38:55	A-AFFY-45	Mouse430_2	Affymetrix GeneChip Mouse Genome 430 2.0 [Mouse430_2]	120465.97	30.36	GEO	http://www.ncbi.nlm.nih.gov/geo/query/acc.cgi?acc=GSM258643	ftp://lausanne.isb-sib.ch/pub/databases/Bgee/bgee_v13_1/download/processed_expr_values/affymetrix/Mus_musculus/Mus_musculus_Affymetrix_probesets_GSE10246.zip	Mus_musculus_probesets_GSE10246_A-AFFY-45_gcRMA.tsv	ftp://lausanne.isb-sib.ch/pub/databases/Bgee/affymetrix_data/cel_files/GSE10246/GSM258643.CEL.gz
GSE10246	GSM258644	UBERON:0000964	cornea	MmusDv:0000062	2 month-old stage (mouse)	137576.77	39.59	gcRMA	12/21/06 13:03:14	A-AFFY-45	Mouse430_2	Affymetrix GeneChip Mouse Genome 430 2.0 [Mouse430_2]	120465.97	30.36	GEO	http://www.ncbi.nlm.nih.gov/geo/query/acc.cgi?acc=GSM258644	ftp://lausanne.isb-sib.ch/pub/databases/Bgee/bgee_v13_1/download/processed_expr_values/affymetrix/Mus_musculus/Mus_musculus_Affymetrix_probesets_GSE10246.zip	Mus_musculus_probesets_GSE10246_A-AFFY-45_gcRMA.tsv	ftp://lausanne.isb-sib.ch/pub/databases/Bgee/affymetrix_data/cel_files/GSE10246/GSM258644.CEL.gz
GSE10246	GSM258651	UBERON:0000044	dorsal root ganglion	MmusDv:0000062	2 month-old stage (mouse)	171957.27	51.27	gcRMA	12/15/06 14:07:21	A-AFFY-45	Mouse430_2	Affymetrix GeneChip Mouse Genome 430 2.0 [Mouse430_2]	120465.97	30.36	GEO	http://www.ncbi.nlm.nih.gov/geo/query/acc.cgi?acc=GSM258651	ftp://lausanne.isb-sib.ch/pub/databases/Bgee/bgee_v13_1/download/processed_expr_values/affymetrix/Mus_musculus/Mus_musculus_Affymetrix_probesets_GSE10246.zip	Mus_musculus_probesets_GSE10246_A-AFFY-45_gcRMA.tsv	ftp://lausanne.isb-sib.ch/pub/databases/Bgee/affymetrix_data/cel_files/GSE10246/GSM258651.CEL.gz
GSE10246	GSM258652	UBERON:0000044	dorsal root ganglion	MmusDv:0000062	2 month-old stage (mouse)	178725.91	51.88	gcRMA	12/15/06 14:16:30	A-AFFY-45	Mouse430_2	Affymetrix GeneChip Mouse Genome 430 2.0 [Mouse430_2]	120465.97	30.36	GEO	http://www.ncbi.nlm.nih.gov/geo/query/acc.cgi?acc=GSM258652	ftp://lausanne.isb-sib.ch/pub/databases/Bgee/bgee_v13_1/download/processed_expr_values/affymetrix/Mus_musculus/Mus_musculus_Affymetrix_probesets_GSE10246.zip	Mus_musculus_probesets_GSE10246_A-AFFY-45_gcRMA.tsv	ftp://lausanne.isb-sib.ch/pub/databases/Bgee/affymetrix_data/cel_files/GSE10246/GSM258652.CEL.gz
GSE10246	GSM258653	UBERON:0005382	dorsal striatum	MmusDv:0000062	2 month-old stage (mouse)	175658.95	53.82	gcRMA	03/08/07 16:30:36	A-AFFY-45	Mouse430_2	Affymetrix GeneChip Mouse Genome 430 2.0 [Mouse430_2]	120465.97	30.36	GEO	http://www.ncbi.nlm.nih.gov/geo/query/acc.cgi?acc=GSM258653	ftp://lausanne.isb-sib.ch/pub/databases/Bgee/bgee_v13_1/download/processed_expr_values/affymetrix/Mus_musculus/Mus_musculus_Affymetrix_probesets_GSE10246.zip	Mus_musculus_probesets_GSE10246_A-AFFY-45_gcRMA.tsv	ftp://lausanne.isb-sib.ch/pub/databases/Bgee/affymetrix_data/cel_files/GSE10246/GSM258653.CEL.gz
GSE10246	GSM258654	UBERON:0005382	dorsal striatum	MmusDv:0000062	2 month-old stage (mouse)	178226.59	55.46	gcRMA	03/08/07 16:39:47	A-AFFY-45	Mouse430_2	Affymetrix GeneChip Mouse Genome 430 2.0 [Mouse430_2]	120465.97	30.36	GEO	http://www.ncbi.nlm.nih.gov/geo/query/acc.cgi?acc=GSM258654	ftp://lausanne.isb-sib.ch/pub/databases/Bgee/bgee_v13_1/download/processed_expr_values/affymetrix/Mus_musculus/Mus_musculus_Affymetrix_probesets_GSE10246.zip	Mus_musculus_probesets_GSE10246_A-AFFY-45_gcRMA.tsv	ftp://lausanne.isb-sib.ch/pub/databases/Bgee/affymetrix_data/cel_files/GSE10246/GSM258654.CEL.gz
GSE10246	GSM258659	UBERON:0001003	skin epidermis	MmusDv:0000062	2 month-old stage (mouse)	144891.05	48.84	gcRMA	03/08/07 15:53:08	A-AFFY-45	Mouse430_2	Affymetrix GeneChip Mouse Genome 430 2.0 [Mouse430_2]	120465.97	30.36	GEO	http://www.ncbi.nlm.nih.gov/geo/query/acc.cgi?acc=GSM258659	ftp://lausanne.isb-sib.ch/pub/databases/Bgee/bgee_v13_1/download/processed_expr_values/affymetrix/Mus_musculus/Mus_musculus_Affymetrix_probesets_GSE10246.zip	Mus_musculus_probesets_GSE10246_A-AFFY-45_gcRMA.tsv	ftp://lausanne.isb-sib.ch/pub/databases/Bgee/affymetrix_data/cel_files/GSE10246/GSM258659.CEL.gz
GSE10246	GSM258660	UBERON:0001003	skin epidermis	MmusDv:0000062	2 month-old stage (mouse)	172153.18	54.75	gcRMA	03/08/07 16:02:22	A-AFFY-45	Mouse430_2	Affymetrix GeneChip Mouse Genome 430 2.0 [Mouse430_2]	120465.97	30.36	GEO	http://www.ncbi.nlm.nih.gov/geo/query/acc.cgi?acc=GSM258660	ftp://lausanne.isb-sib.ch/pub/databases/Bgee/bgee_v13_1/download/processed_expr_values/affymetrix/Mus_musculus/Mus_musculus_Affymetrix_probesets_GSE10246.zip	Mus_musculus_probesets_GSE10246_A-AFFY-45_gcRMA.tsv	ftp://lausanne.isb-sib.ch/pub/databases/Bgee/affymetrix_data/cel_files/GSE10246/GSM258660.CEL.gz
GSE10246	GSM258669	UBERON:0000948	heart	MmusDv:0000062	2 month-old stage (mouse)	144158.73	41.28	gcRMA	12/19/06 13:28:24	A-AFFY-45	Mouse430_2	Affymetrix GeneChip Mouse Genome 430 2.0 [Mouse430_2]	120465.97	30.36	GEO	http://www.ncbi.nlm.nih.gov/geo/query/acc.cgi?acc=GSM258669	ftp://lausanne.isb-sib.ch/pub/databases/Bgee/bgee_v13_1/download/processed_expr_values/affymetrix/Mus_musculus/Mus_musculus_Affymetrix_probesets_GSE10246.zip	Mus_musculus_probesets_GSE10246_A-AFFY-45_gcRMA.tsv	ftp://lausanne.isb-sib.ch/pub/databases/Bgee/affymetrix_data/cel_files/GSE10246/GSM258669.CEL.gz
GSE10246	GSM258670	UBERON:0000948	heart	MmusDv:0000062	2 month-old stage (mouse)	149636.82	43.23	gcRMA	12/19/06 13:18:48	A-AFFY-45	Mouse430_2	Affymetrix GeneChip Mouse Genome 430 2.0 [Mouse430_2]	120465.97	30.36	GEO	http://www.ncbi.nlm.nih.gov/geo/query/acc.cgi?acc=GSM258670	ftp://lausanne.isb-sib.ch/pub/databases/Bgee/bgee_v13_1/download/processed_expr_values/affymetrix/Mus_musculus/Mus_musculus_Affymetrix_probesets_GSE10246.zip	Mus_musculus_probesets_GSE10246_A-AFFY-45_gcRMA.tsv	ftp://lausanne.isb-sib.ch/pub/databases/Bgee/affymetrix_data/cel_files/GSE10246/GSM258670.CEL.gz
GSE10246	GSM258671	UBERON:0001954	Ammon's horn	MmusDv:0000062	2 month-old stage (mouse)	165057.86	53.78	gcRMA	03/08/07 18:04:13	A-AFFY-45	Mouse430_2	Affymetrix GeneChip Mouse Genome 430 2.0 [Mouse430_2]	120465.97	30.36	GEO	http://www.ncbi.nlm.nih.gov/geo/query/acc.cgi?acc=GSM258671	ftp://lausanne.isb-sib.ch/pub/databases/Bgee/bgee_v13_1/download/processed_expr_values/affymetrix/Mus_musculus/Mus_musculus_Affymetrix_probesets_GSE10246.zip	Mus_musculus_probesets_GSE10246_A-AFFY-45_gcRMA.tsv	ftp://lausanne.isb-sib.ch/pub/databases/Bgee/affymetrix_data/cel_files/GSE10246/GSM258671.CEL.gz
GSE10246	GSM258672	UBERON:0001954	Ammon's horn	MmusDv:0000062	2 month-old stage (mouse)	164432.23	52.87	gcRMA	03/08/07 18:13:28	A-AFFY-45	Mouse430_2	Affymetrix GeneChip Mouse Genome 430 2.0 [Mouse430_2]	120465.97	30.36	GEO	http://www.ncbi.nlm.nih.gov/geo/query/acc.cgi?acc=GSM258672	ftp://lausanne.isb-sib.ch/pub/databases/Bgee/bgee_v13_1/download/processed_expr_values/affymetrix/Mus_musculus/Mus_musculus_Affymetrix_probesets_GSE10246.zip	Mus_musculus_probesets_GSE10246_A-AFFY-45_gcRMA.tsv	ftp://lausanne.isb-sib.ch/pub/databases/Bgee/affymetrix_data/cel_files/GSE10246/GSM258672.CEL.gz
GSE10246	GSM258673	UBERON:0001898	hypothalamus	MmusDv:0000062	2 month-old stage (mouse)	169567.86	53.39	gcRMA	12/15/06 14:44:10	A-AFFY-45	Mouse430_2	Affymetrix GeneChip Mouse Genome 430 2.0 [Mouse430_2]	120465.97	30.36	GEO	http://www.ncbi.nlm.nih.gov/geo/query/acc.cgi?acc=GSM258673	ftp://lausanne.isb-sib.ch/pub/databases/Bgee/bgee_v13_1/download/processed_expr_values/affymetrix/Mus_musculus/Mus_musculus_Affymetrix_probesets_GSE10246.zip	Mus_musculus_probesets_GSE10246_A-AFFY-45_gcRMA.tsv	ftp://lausanne.isb-sib.ch/pub/databases/Bgee/affymetrix_data/cel_files/GSE10246/GSM258673.CEL.gz
GSE10246	GSM258674	UBERON:0001898	hypothalamus	MmusDv:0000062	2 month-old stage (mouse)	171669	52.82	gcRMA	12/15/06 14:53:30	A-AFFY-45	Mouse430_2	Affymetrix GeneChip Mouse Genome 430 2.0 [Mouse430_2]	120465.97	30.36	GEO	http://www.ncbi.nlm.nih.gov/geo/query/acc.cgi?acc=GSM258674	ftp://lausanne.isb-sib.ch/pub/databases/Bgee/bgee_v13_1/download/processed_expr_values/affymetrix/Mus_musculus/Mus_musculus_Affymetrix_probesets_GSE10246.zip	Mus_musculus_probesets_GSE10246_A-AFFY-45_gcRMA.tsv	ftp://lausanne.isb-sib.ch/pub/databases/Bgee/affymetrix_data/cel_files/GSE10246/GSM258674.CEL.gz
GSE10246	GSM258675	UBERON:0000059	large intestine	MmusDv:0000062	2 month-old stage (mouse)	170178.5	51.31	gcRMA	12/19/06 15:19:40	A-AFFY-45	Mouse430_2	Affymetrix GeneChip Mouse Genome 430 2.0 [Mouse430_2]	120465.97	30.36	GEO	http://www.ncbi.nlm.nih.gov/geo/query/acc.cgi?acc=GSM258675	ftp://lausanne.isb-sib.ch/pub/databases/Bgee/bgee_v13_1/download/processed_expr_values/affymetrix/Mus_musculus/Mus_musculus_Affymetrix_probesets_GSE10246.zip	Mus_musculus_probesets_GSE10246_A-AFFY-45_gcRMA.tsv	ftp://lausanne.isb-sib.ch/pub/databases/Bgee/affymetrix_data/cel_files/GSE10246/GSM258675.CEL.gz
GSE10246	GSM258676	UBERON:0000059	large intestine	MmusDv:0000062	2 month-old stage (mouse)	176640.27	52.22	gcRMA	12/19/06 15:29:06	A-AFFY-45	Mouse430_2	Affymetrix GeneChip Mouse Genome 430 2.0 [Mouse430_2]	120465.97	30.36	GEO	http://www.ncbi.nlm.nih.gov/geo/query/acc.cgi?acc=GSM258676	ftp://lausanne.isb-sib.ch/pub/databases/Bgee/bgee_v13_1/download/processed_expr_values/affymetrix/Mus_musculus/Mus_musculus_Affymetrix_probesets_GSE10246.zip	Mus_musculus_probesets_GSE10246_A-AFFY-45_gcRMA.tsv	ftp://lausanne.isb-sib.ch/pub/databases/Bgee/affymetrix_data/cel_files/GSE10246/GSM258676.CEL.gz
GSE10246	GSM258677	UBERON:0002108	small intestine	MmusDv:0000062	2 month-old stage (mouse)	174675.14	53.2	gcRMA	12/19/06 14:23:27	A-AFFY-45	Mouse430_2	Affymetrix GeneChip Mouse Genome 430 2.0 [Mouse430_2]	120465.97	30.36	GEO	http://www.ncbi.nlm.nih.gov/geo/query/acc.cgi?acc=GSM258677	ftp://lausanne.isb-sib.ch/pub/databases/Bgee/bgee_v13_1/download/processed_expr_values/affymetrix/Mus_musculus/Mus_musculus_Affymetrix_probesets_GSE10246.zip	Mus_musculus_probesets_GSE10246_A-AFFY-45_gcRMA.tsv	ftp://lausanne.isb-sib.ch/pub/databases/Bgee/affymetrix_data/cel_files/GSE10246/GSM258677.CEL.gz
GSE10246	GSM258678	UBERON:0002108	small intestine	MmusDv:0000062	2 month-old stage (mouse)	174804.68	51.64	gcRMA	12/19/06 14:32:40	A-AFFY-45	Mouse430_2	Affymetrix GeneChip Mouse Genome 430 2.0 [Mouse430_2]	120465.97	30.36	GEO	http://www.ncbi.nlm.nih.gov/geo/query/acc.cgi?acc=GSM258678	ftp://lausanne.isb-sib.ch/pub/databases/Bgee/bgee_v13_1/download/processed_expr_values/affymetrix/Mus_musculus/Mus_musculus_Affymetrix_probesets_GSE10246.zip	Mus_musculus_probesets_GSE10246_A-AFFY-45_gcRMA.tsv	ftp://lausanne.isb-sib.ch/pub/databases/Bgee/affymetrix_data/cel_files/GSE10246/GSM258678.CEL.gz
GSE10246	GSM258679	UBERON:0001769	iris	MmusDv:0000062	2 month-old stage (mouse)	138490.91	44.15	gcRMA	12/21/06 14:07:43	A-AFFY-45	Mouse430_2	Affymetrix GeneChip Mouse Genome 430 2.0 [Mouse430_2]	120465.97	30.36	GEO	http://www.ncbi.nlm.nih.gov/geo/query/acc.cgi?acc=GSM258679	ftp://lausanne.isb-sib.ch/pub/databases/Bgee/bgee_v13_1/download/processed_expr_values/affymetrix/Mus_musculus/Mus_musculus_Affymetrix_probesets_GSE10246.zip	Mus_musculus_probesets_GSE10246_A-AFFY-45_gcRMA.tsv	ftp://lausanne.isb-sib.ch/pub/databases/Bgee/affymetrix_data/cel_files/GSE10246/GSM258679.CEL.gz
GSE10246	GSM258680	UBERON:0001769	iris	MmusDv:0000062	2 month-old stage (mouse)	144232.09	45.41	gcRMA	12/21/06 13:37:11	A-AFFY-45	Mouse430_2	Affymetrix GeneChip Mouse Genome 430 2.0 [Mouse430_2]	120465.97	30.36	GEO	http://www.ncbi.nlm.nih.gov/geo/query/acc.cgi?acc=GSM258680	ftp://lausanne.isb-sib.ch/pub/databases/Bgee/bgee_v13_1/download/processed_expr_values/affymetrix/Mus_musculus/Mus_musculus_Affymetrix_probesets_GSE10246.zip	Mus_musculus_probesets_GSE10246_A-AFFY-45_gcRMA.tsv	ftp://lausanne.isb-sib.ch/pub/databases/Bgee/affymetrix_data/cel_files/GSE10246/GSM258680.CEL.gz
GSE10246	GSM258681	UBERON:0000082	adult mammalian kidney	MmusDv:0000062	2 month-old stage (mouse)	166475.14	48.66	gcRMA	12/19/06 15:10:17	A-AFFY-45	Mouse430_2	Affymetrix GeneChip Mouse Genome 430 2.0 [Mouse430_2]	120465.97	30.36	GEO	http://www.ncbi.nlm.nih.gov/geo/query/acc.cgi?acc=GSM258681	ftp://lausanne.isb-sib.ch/pub/databases/Bgee/bgee_v13_1/download/processed_expr_values/affymetrix/Mus_musculus/Mus_musculus_Affymetrix_probesets_GSE10246.zip	Mus_musculus_probesets_GSE10246_A-AFFY-45_gcRMA.tsv	ftp://lausanne.isb-sib.ch/pub/databases/Bgee/affymetrix_data/cel_files/GSE10246/GSM258681.CEL.gz
GSE10246	GSM258682	UBERON:0000082	adult mammalian kidney	MmusDv:0000062	2 month-old stage (mouse)	162056.64	49	gcRMA	12/19/06 15:00:42	A-AFFY-45	Mouse430_2	Affymetrix GeneChip Mouse Genome 430 2.0 [Mouse430_2]	120465.97	30.36	GEO	http://www.ncbi.nlm.nih.gov/geo/query/acc.cgi?acc=GSM258682	ftp://lausanne.isb-sib.ch/pub/databases/Bgee/bgee_v13_1/download/processed_expr_values/affymetrix/Mus_musculus/Mus_musculus_Affymetrix_probesets_GSE10246.zip	Mus_musculus_probesets_GSE10246_A-AFFY-45_gcRMA.tsv	ftp://lausanne.isb-sib.ch/pub/databases/Bgee/affymetrix_data/cel_files/GSE10246/GSM258682.CEL.gz
GSE10246	GSM258683	UBERON:0001817	lacrimal gland	MmusDv:0000062	2 month-old stage (mouse)	134241.32	34.02	gcRMA	01/16/07 14:19:38	A-AFFY-45	Mouse430_2	Affymetrix GeneChip Mouse Genome 430 2.0 [Mouse430_2]	120465.97	30.36	GEO	http://www.ncbi.nlm.nih.gov/geo/query/acc.cgi?acc=GSM258683	ftp://lausanne.isb-sib.ch/pub/databases/Bgee/bgee_v13_1/download/processed_expr_values/affymetrix/Mus_musculus/Mus_musculus_Affymetrix_probesets_GSE10246.zip	Mus_musculus_probesets_GSE10246_A-AFFY-45_gcRMA.tsv	ftp://lausanne.isb-sib.ch/pub/databases/Bgee/affymetrix_data/cel_files/GSE10246/GSM258683.CEL.gz
GSE10246	GSM258684	UBERON:0001817	lacrimal gland	MmusDv:0000062	2 month-old stage (mouse)	136465.27	34.31	gcRMA	01/16/07 14:29:11	A-AFFY-45	Mouse430_2	Affymetrix GeneChip Mouse Genome 430 2.0 [Mouse430_2]	120465.97	30.36	GEO	http://www.ncbi.nlm.nih.gov/geo/query/acc.cgi?acc=GSM258684	ftp://lausanne.isb-sib.ch/pub/databases/Bgee/bgee_v13_1/download/processed_expr_values/affymetrix/Mus_musculus/Mus_musculus_Affymetrix_probesets_GSE10246.zip	Mus_musculus_probesets_GSE10246_A-AFFY-45_gcRMA.tsv	ftp://lausanne.isb-sib.ch/pub/databases/Bgee/affymetrix_data/cel_files/GSE10246/GSM258684.CEL.gz
GSE10246	GSM258685	UBERON:0000965	lens of camera-type eye	MmusDv:0000062	2 month-old stage (mouse)	134499	35.24	gcRMA	12/21/06 13:58:13	A-AFFY-45	Mouse430_2	Affymetrix GeneChip Mouse Genome 430 2.0 [Mouse430_2]	120465.97	30.36	GEO	http://www.ncbi.nlm.nih.gov/geo/query/acc.cgi?acc=GSM258685	ftp://lausanne.isb-sib.ch/pub/databases/Bgee/bgee_v13_1/download/processed_expr_values/affymetrix/Mus_musculus/Mus_musculus_Affymetrix_probesets_GSE10246.zip	Mus_musculus_probesets_GSE10246_A-AFFY-45_gcRMA.tsv	ftp://lausanne.isb-sib.ch/pub/databases/Bgee/affymetrix_data/cel_files/GSE10246/GSM258685.CEL.gz
GSE10246	GSM258687	UBERON:0002107	liver	MmusDv:0000062	2 month-old stage (mouse)	145763.95	38.11	gcRMA	12/13/06 15:22:30	A-AFFY-45	Mouse430_2	Affymetrix GeneChip Mouse Genome 430 2.0 [Mouse430_2]	120465.97	30.36	GEO	http://www.ncbi.nlm.nih.gov/geo/query/acc.cgi?acc=GSM258687	ftp://lausanne.isb-sib.ch/pub/databases/Bgee/bgee_v13_1/download/processed_expr_values/affymetrix/Mus_musculus/Mus_musculus_Affymetrix_probesets_GSE10246.zip	Mus_musculus_probesets_GSE10246_A-AFFY-45_gcRMA.tsv	ftp://lausanne.isb-sib.ch/pub/databases/Bgee/affymetrix_data/cel_files/GSE10246/GSM258687.CEL.gz
GSE10246	GSM258688	UBERON:0002107	liver	MmusDv:0000062	2 month-old stage (mouse)	150389.68	37.43	gcRMA	12/13/06 14:29:25	A-AFFY-45	Mouse430_2	Affymetrix GeneChip Mouse Genome 430 2.0 [Mouse430_2]	120465.97	30.36	GEO	http://www.ncbi.nlm.nih.gov/geo/query/acc.cgi?acc=GSM258688	ftp://lausanne.isb-sib.ch/pub/databases/Bgee/bgee_v13_1/download/processed_expr_values/affymetrix/Mus_musculus/Mus_musculus_Affymetrix_probesets_GSE10246.zip	Mus_musculus_probesets_GSE10246_A-AFFY-45_gcRMA.tsv	ftp://lausanne.isb-sib.ch/pub/databases/Bgee/affymetrix_data/cel_files/GSE10246/GSM258688.CEL.gz
GSE10246	GSM258689	UBERON:0002048	lung	MmusDv:0000062	2 month-old stage (mouse)	180328.95	53.85	gcRMA	12/13/06 15:31:45	A-AFFY-45	Mouse430_2	Affymetrix GeneChip Mouse Genome 430 2.0 [Mouse430_2]	120465.97	30.36	GEO	http://www.ncbi.nlm.nih.gov/geo/query/acc.cgi?acc=GSM258689	ftp://lausanne.isb-sib.ch/pub/databases/Bgee/bgee_v13_1/download/processed_expr_values/affymetrix/Mus_musculus/Mus_musculus_Affymetrix_probesets_GSE10246.zip	Mus_musculus_probesets_GSE10246_A-AFFY-45_gcRMA.tsv	ftp://lausanne.isb-sib.ch/pub/databases/Bgee/affymetrix_data/cel_files/GSE10246/GSM258689.CEL.gz
GSE10246	GSM258690	UBERON:0002048	lung	MmusDv:0000062	2 month-old stage (mouse)	179178.18	53.38	gcRMA	12/13/06 14:10:30	A-AFFY-45	Mouse430_2	Affymetrix GeneChip Mouse Genome 430 2.0 [Mouse430_2]	120465.97	30.36	GEO	http://www.ncbi.nlm.nih.gov/geo/query/acc.cgi?acc=GSM258690	ftp://lausanne.isb-sib.ch/pub/databases/Bgee/bgee_v13_1/download/processed_expr_values/affymetrix/Mus_musculus/Mus_musculus_Affymetrix_probesets_GSE10246.zip	Mus_musculus_probesets_GSE10246_A-AFFY-45_gcRMA.tsv	ftp://lausanne.isb-sib.ch/pub/databases/Bgee/affymetrix_data/cel_files/GSE10246/GSM258690.CEL.gz
GSE10246	GSM258691	UBERON:0000029	lymph node	MmusDv:0000062	2 month-old stage (mouse)	178859.55	52.39	gcRMA	12/18/06 11:31:23	A-AFFY-45	Mouse430_2	Affymetrix GeneChip Mouse Genome 430 2.0 [Mouse430_2]	120465.97	30.36	GEO	http://www.ncbi.nlm.nih.gov/geo/query/acc.cgi?acc=GSM258691	ftp://lausanne.isb-sib.ch/pub/databases/Bgee/bgee_v13_1/download/processed_expr_values/affymetrix/Mus_musculus/Mus_musculus_Affymetrix_probesets_GSE10246.zip	Mus_musculus_probesets_GSE10246_A-AFFY-45_gcRMA.tsv	ftp://lausanne.isb-sib.ch/pub/databases/Bgee/affymetrix_data/cel_files/GSE10246/GSM258691.CEL.gz
GSE10246	GSM258692	UBERON:0000029	lymph node	MmusDv:0000062	2 month-old stage (mouse)	183581.45	54.26	gcRMA	12/18/06 11:21:59	A-AFFY-45	Mouse430_2	Affymetrix GeneChip Mouse Genome 430 2.0 [Mouse430_2]	120465.97	30.36	GEO	http://www.ncbi.nlm.nih.gov/geo/query/acc.cgi?acc=GSM258692	ftp://lausanne.isb-sib.ch/pub/databases/Bgee/bgee_v13_1/download/processed_expr_values/affymetrix/Mus_musculus/Mus_musculus_Affymetrix_probesets_GSE10246.zip	Mus_musculus_probesets_GSE10246_A-AFFY-45_gcRMA.tsv	ftp://lausanne.isb-sib.ch/pub/databases/Bgee/affymetrix_data/cel_files/GSE10246/GSM258692.CEL.gz
GSE10246	GSM258707	UBERON:0001911	mammary gland	MmusDv:0000062	2 month-old stage (mouse)	161909.77	51.54	gcRMA	03/08/07 19:08:48	A-AFFY-45	Mouse430_2	Affymetrix GeneChip Mouse Genome 430 2.0 [Mouse430_2]	120465.97	30.36	GEO	http://www.ncbi.nlm.nih.gov/geo/query/acc.cgi?acc=GSM258707	ftp://lausanne.isb-sib.ch/pub/databases/Bgee/bgee_v13_1/download/processed_expr_values/affymetrix/Mus_musculus/Mus_musculus_Affymetrix_probesets_GSE10246.zip	Mus_musculus_probesets_GSE10246_A-AFFY-45_gcRMA.tsv	ftp://lausanne.isb-sib.ch/pub/databases/Bgee/affymetrix_data/cel_files/GSE10246/GSM258707.CEL.gz
GSE10246	GSM258708	UBERON:0001911	mammary gland	MmusDv:0000062	2 month-old stage (mouse)	167369.23	53.08	gcRMA	03/08/07 19:18:02	A-AFFY-45	Mouse430_2	Affymetrix GeneChip Mouse Genome 430 2.0 [Mouse430_2]	120465.97	30.36	GEO	http://www.ncbi.nlm.nih.gov/geo/query/acc.cgi?acc=GSM258708	ftp://lausanne.isb-sib.ch/pub/databases/Bgee/bgee_v13_1/download/processed_expr_values/affymetrix/Mus_musculus/Mus_musculus_Affymetrix_probesets_GSE10246.zip	Mus_musculus_probesets_GSE10246_A-AFFY-45_gcRMA.tsv	ftp://lausanne.isb-sib.ch/pub/databases/Bgee/affymetrix_data/cel_files/GSE10246/GSM258708.CEL.gz
GSE10246	GSM258709	UBERON:0001911	mammary gland	MmusDv:0000062	2 month-old stage (mouse)	166482.95	51.51	gcRMA	03/08/07 19:27:27	A-AFFY-45	Mouse430_2	Affymetrix GeneChip Mouse Genome 430 2.0 [Mouse430_2]	120465.97	30.36	GEO	http://www.ncbi.nlm.nih.gov/geo/query/acc.cgi?acc=GSM258709	ftp://lausanne.isb-sib.ch/pub/databases/Bgee/bgee_v13_1/download/processed_expr_values/affymetrix/Mus_musculus/Mus_musculus_Affymetrix_probesets_GSE10246.zip	Mus_musculus_probesets_GSE10246_A-AFFY-45_gcRMA.tsv	ftp://lausanne.isb-sib.ch/pub/databases/Bgee/affymetrix_data/cel_files/GSE10246/GSM258709.CEL.gz
GSE10246	GSM258710	UBERON:0001911	mammary gland	MmusDv:0000062	2 month-old stage (mouse)	170607.41	53.51	gcRMA	03/13/07 12:04:30	A-AFFY-45	Mouse430_2	Affymetrix GeneChip Mouse Genome 430 2.0 [Mouse430_2]	120465.97	30.36	GEO	http://www.ncbi.nlm.nih.gov/geo/query/acc.cgi?acc=GSM258710	ftp://lausanne.isb-sib.ch/pub/databases/Bgee/bgee_v13_1/download/processed_expr_values/affymetrix/Mus_musculus/Mus_musculus_Affymetrix_probesets_GSE10246.zip	Mus_musculus_probesets_GSE10246_A-AFFY-45_gcRMA.tsv	ftp://lausanne.isb-sib.ch/pub/databases/Bgee/affymetrix_data/cel_files/GSE10246/GSM258710.CEL.gz
GSE10246	GSM258733	UBERON:0001882	nucleus accumbens	MmusDv:0000062	2 month-old stage (mouse)	174769.86	54.52	gcRMA	12/15/06 15:02:49	A-AFFY-45	Mouse430_2	Affymetrix GeneChip Mouse Genome 430 2.0 [Mouse430_2]	120465.97	30.36	GEO	http://www.ncbi.nlm.nih.gov/geo/query/acc.cgi?acc=GSM258733	ftp://lausanne.isb-sib.ch/pub/databases/Bgee/bgee_v13_1/download/processed_expr_values/affymetrix/Mus_musculus/Mus_musculus_Affymetrix_probesets_GSE10246.zip	Mus_musculus_probesets_GSE10246_A-AFFY-45_gcRMA.tsv	ftp://lausanne.isb-sib.ch/pub/databases/Bgee/affymetrix_data/cel_files/GSE10246/GSM258733.CEL.gz
GSE10246	GSM258734	UBERON:0001882	nucleus accumbens	MmusDv:0000062	2 month-old stage (mouse)	168103.05	51.93	gcRMA	12/15/06 15:12:06	A-AFFY-45	Mouse430_2	Affymetrix GeneChip Mouse Genome 430 2.0 [Mouse430_2]	120465.97	30.36	GEO	http://www.ncbi.nlm.nih.gov/geo/query/acc.cgi?acc=GSM258734	ftp://lausanne.isb-sib.ch/pub/databases/Bgee/bgee_v13_1/download/processed_expr_values/affymetrix/Mus_musculus/Mus_musculus_Affymetrix_probesets_GSE10246.zip	Mus_musculus_probesets_GSE10246_A-AFFY-45_gcRMA.tsv	ftp://lausanne.isb-sib.ch/pub/databases/Bgee/affymetrix_data/cel_files/GSE10246/GSM258734.CEL.gz
GSE10246	GSM258735	UBERON:0002264	olfactory bulb	MmusDv:0000062	2 month-old stage (mouse)	168541.18	53.54	gcRMA	12/15/06 15:53:24	A-AFFY-45	Mouse430_2	Affymetrix GeneChip Mouse Genome 430 2.0 [Mouse430_2]	120465.97	30.36	GEO	http://www.ncbi.nlm.nih.gov/geo/query/acc.cgi?acc=GSM258735	ftp://lausanne.isb-sib.ch/pub/databases/Bgee/bgee_v13_1/download/processed_expr_values/affymetrix/Mus_musculus/Mus_musculus_Affymetrix_probesets_GSE10246.zip	Mus_musculus_probesets_GSE10246_A-AFFY-45_gcRMA.tsv	ftp://lausanne.isb-sib.ch/pub/databases/Bgee/affymetrix_data/cel_files/GSE10246/GSM258735.CEL.gz
GSE10246	GSM258736	UBERON:0002264	olfactory bulb	MmusDv:0000062	2 month-old stage (mouse)	164352	51.36	gcRMA	12/15/06 16:02:36	A-AFFY-45	Mouse430_2	Affymetrix GeneChip Mouse Genome 430 2.0 [Mouse430_2]	120465.97	30.36	GEO	http://www.ncbi.nlm.nih.gov/geo/query/acc.cgi?acc=GSM258736	ftp://lausanne.isb-sib.ch/pub/databases/Bgee/bgee_v13_1/download/processed_expr_values/affymetrix/Mus_musculus/Mus_musculus_Affymetrix_probesets_GSE10246.zip	Mus_musculus_probesets_GSE10246_A-AFFY-45_gcRMA.tsv	ftp://lausanne.isb-sib.ch/pub/databases/Bgee/affymetrix_data/cel_files/GSE10246/GSM258736.CEL.gz
GSE10246	GSM258745	UBERON:0000992	female gonad	MmusDv:0000062	2 month-old stage (mouse)	182655.82	56	gcRMA	12/13/06 13:42:22	A-AFFY-45	Mouse430_2	Affymetrix GeneChip Mouse Genome 430 2.0 [Mouse430_2]	120465.97	30.36	GEO	http://www.ncbi.nlm.nih.gov/geo/query/acc.cgi?acc=GSM258745	ftp://lausanne.isb-sib.ch/pub/databases/Bgee/bgee_v13_1/download/processed_expr_values/affymetrix/Mus_musculus/Mus_musculus_Affymetrix_probesets_GSE10246.zip	Mus_musculus_probesets_GSE10246_A-AFFY-45_gcRMA.tsv	ftp://lausanne.isb-sib.ch/pub/databases/Bgee/affymetrix_data/cel_files/GSE10246/GSM258745.CEL.gz
GSE10246	GSM258746	UBERON:0000992	female gonad	MmusDv:0000062	2 month-old stage (mouse)	185157.05	58.41	gcRMA	12/13/06 13:32:57	A-AFFY-45	Mouse430_2	Affymetrix GeneChip Mouse Genome 430 2.0 [Mouse430_2]	120465.97	30.36	GEO	http://www.ncbi.nlm.nih.gov/geo/query/acc.cgi?acc=GSM258746	ftp://lausanne.isb-sib.ch/pub/databases/Bgee/bgee_v13_1/download/processed_expr_values/affymetrix/Mus_musculus/Mus_musculus_Affymetrix_probesets_GSE10246.zip	Mus_musculus_probesets_GSE10246_A-AFFY-45_gcRMA.tsv	ftp://lausanne.isb-sib.ch/pub/databases/Bgee/affymetrix_data/cel_files/GSE10246/GSM258746.CEL.gz
GSE10246	GSM258747	UBERON:0001264	pancreas	MmusDv:0000062	2 month-old stage (mouse)	124642.23	32.96	gcRMA	12/19/06 12:41:08	A-AFFY-45	Mouse430_2	Affymetrix GeneChip Mouse Genome 430 2.0 [Mouse430_2]	120465.97	30.36	GEO	http://www.ncbi.nlm.nih.gov/geo/query/acc.cgi?acc=GSM258747	ftp://lausanne.isb-sib.ch/pub/databases/Bgee/bgee_v13_1/download/processed_expr_values/affymetrix/Mus_musculus/Mus_musculus_Affymetrix_probesets_GSE10246.zip	Mus_musculus_probesets_GSE10246_A-AFFY-45_gcRMA.tsv	ftp://lausanne.isb-sib.ch/pub/databases/Bgee/affymetrix_data/cel_files/GSE10246/GSM258747.CEL.gz
GSE10246	GSM258748	UBERON:0001264	pancreas	MmusDv:0000062	2 month-old stage (mouse)	123986.45	31.46	gcRMA	12/19/06 12:31:49	A-AFFY-45	Mouse430_2	Affymetrix GeneChip Mouse Genome 430 2.0 [Mouse430_2]	120465.97	30.36	GEO	http://www.ncbi.nlm.nih.gov/geo/query/acc.cgi?acc=GSM258748	ftp://lausanne.isb-sib.ch/pub/databases/Bgee/bgee_v13_1/download/processed_expr_values/affymetrix/Mus_musculus/Mus_musculus_Affymetrix_probesets_GSE10246.zip	Mus_musculus_probesets_GSE10246_A-AFFY-45_gcRMA.tsv	ftp://lausanne.isb-sib.ch/pub/databases/Bgee/affymetrix_data/cel_files/GSE10246/GSM258748.CEL.gz
GSE10246	GSM258749	UBERON:0000007	pituitary gland	MmusDv:0000062	2 month-old stage (mouse)	156454.73	47.78	gcRMA	12/15/06 15:34:39	A-AFFY-45	Mouse430_2	Affymetrix GeneChip Mouse Genome 430 2.0 [Mouse430_2]	120465.97	30.36	GEO	http://www.ncbi.nlm.nih.gov/geo/query/acc.cgi?acc=GSM258749	ftp://lausanne.isb-sib.ch/pub/databases/Bgee/bgee_v13_1/download/processed_expr_values/affymetrix/Mus_musculus/Mus_musculus_Affymetrix_probesets_GSE10246.zip	Mus_musculus_probesets_GSE10246_A-AFFY-45_gcRMA.tsv	ftp://lausanne.isb-sib.ch/pub/databases/Bgee/affymetrix_data/cel_files/GSE10246/GSM258749.CEL.gz
GSE10246	GSM258750	UBERON:0000007	pituitary gland	MmusDv:0000062	2 month-old stage (mouse)	161226.14	48.86	gcRMA	12/15/06 15:44:09	A-AFFY-45	Mouse430_2	Affymetrix GeneChip Mouse Genome 430 2.0 [Mouse430_2]	120465.97	30.36	GEO	http://www.ncbi.nlm.nih.gov/geo/query/acc.cgi?acc=GSM258750	ftp://lausanne.isb-sib.ch/pub/databases/Bgee/bgee_v13_1/download/processed_expr_values/affymetrix/Mus_musculus/Mus_musculus_Affymetrix_probesets_GSE10246.zip	Mus_musculus_probesets_GSE10246_A-AFFY-45_gcRMA.tsv	ftp://lausanne.isb-sib.ch/pub/databases/Bgee/affymetrix_data/cel_files/GSE10246/GSM258750.CEL.gz
GSE10246	GSM258751	UBERON:0001987	placenta	UBERON:0000104	life cycle	167334.27	50.13	gcRMA	03/08/07 18:50:26	A-AFFY-45	Mouse430_2	Affymetrix GeneChip Mouse Genome 430 2.0 [Mouse430_2]	120465.97	30.36	GEO	http://www.ncbi.nlm.nih.gov/geo/query/acc.cgi?acc=GSM258751	ftp://lausanne.isb-sib.ch/pub/databases/Bgee/bgee_v13_1/download/processed_expr_values/affymetrix/Mus_musculus/Mus_musculus_Affymetrix_probesets_GSE10246.zip	Mus_musculus_probesets_GSE10246_A-AFFY-45_gcRMA.tsv	ftp://lausanne.isb-sib.ch/pub/databases/Bgee/affymetrix_data/cel_files/GSE10246/GSM258751.CEL.gz
GSE10246	GSM258752	UBERON:0001987	placenta	UBERON:0000104	life cycle	168060.14	49	gcRMA	03/08/07 18:59:34	A-AFFY-45	Mouse430_2	Affymetrix GeneChip Mouse Genome 430 2.0 [Mouse430_2]	120465.97	30.36	GEO	http://www.ncbi.nlm.nih.gov/geo/query/acc.cgi?acc=GSM258752	ftp://lausanne.isb-sib.ch/pub/databases/Bgee/bgee_v13_1/download/processed_expr_values/affymetrix/Mus_musculus/Mus_musculus_Affymetrix_probesets_GSE10246.zip	Mus_musculus_probesets_GSE10246_A-AFFY-45_gcRMA.tsv	ftp://lausanne.isb-sib.ch/pub/databases/Bgee/affymetrix_data/cel_files/GSE10246/GSM258752.CEL.gz
GSE10246	GSM258753	UBERON:0002367	prostate gland	MmusDv:0000062	2 month-old stage (mouse)	172349.18	48.44	gcRMA	12/13/06 14:01:17	A-AFFY-45	Mouse430_2	Affymetrix GeneChip Mouse Genome 430 2.0 [Mouse430_2]	120465.97	30.36	GEO	http://www.ncbi.nlm.nih.gov/geo/query/acc.cgi?acc=GSM258753	ftp://lausanne.isb-sib.ch/pub/databases/Bgee/bgee_v13_1/download/processed_expr_values/affymetrix/Mus_musculus/Mus_musculus_Affymetrix_probesets_GSE10246.zip	Mus_musculus_probesets_GSE10246_A-AFFY-45_gcRMA.tsv	ftp://lausanne.isb-sib.ch/pub/databases/Bgee/affymetrix_data/cel_files/GSE10246/GSM258753.CEL.gz
GSE10246	GSM258754	UBERON:0002367	prostate gland	MmusDv:0000062	2 month-old stage (mouse)	172711.32	44.72	gcRMA	12/13/06 13:51:51	A-AFFY-45	Mouse430_2	Affymetrix GeneChip Mouse Genome 430 2.0 [Mouse430_2]	120465.97	30.36	GEO	http://www.ncbi.nlm.nih.gov/geo/query/acc.cgi?acc=GSM258754	ftp://lausanne.isb-sib.ch/pub/databases/Bgee/bgee_v13_1/download/processed_expr_values/affymetrix/Mus_musculus/Mus_musculus_Affymetrix_probesets_GSE10246.zip	Mus_musculus_probesets_GSE10246_A-AFFY-45_gcRMA.tsv	ftp://lausanne.isb-sib.ch/pub/databases/Bgee/affymetrix_data/cel_files/GSE10246/GSM258754.CEL.gz
GSE10246	GSM258757	UBERON:0000966	retina	MmusDv:0000062	2 month-old stage (mouse)	151036.45	47.65	gcRMA	12/21/06 12:25:46	A-AFFY-45	Mouse430_2	Affymetrix GeneChip Mouse Genome 430 2.0 [Mouse430_2]	120465.97	30.36	GEO	http://www.ncbi.nlm.nih.gov/geo/query/acc.cgi?acc=GSM258757	ftp://lausanne.isb-sib.ch/pub/databases/Bgee/bgee_v13_1/download/processed_expr_values/affymetrix/Mus_musculus/Mus_musculus_Affymetrix_probesets_GSE10246.zip	Mus_musculus_probesets_GSE10246_A-AFFY-45_gcRMA.tsv	ftp://lausanne.isb-sib.ch/pub/databases/Bgee/affymetrix_data/cel_files/GSE10246/GSM258757.CEL.gz
GSE10246	GSM258758	UBERON:0000966	retina	MmusDv:0000062	2 month-old stage (mouse)	144495.77	47	gcRMA	12/21/06 12:35:08	A-AFFY-45	Mouse430_2	Affymetrix GeneChip Mouse Genome 430 2.0 [Mouse430_2]	120465.97	30.36	GEO	http://www.ncbi.nlm.nih.gov/geo/query/acc.cgi?acc=GSM258758	ftp://lausanne.isb-sib.ch/pub/databases/Bgee/bgee_v13_1/download/processed_expr_values/affymetrix/Mus_musculus/Mus_musculus_Affymetrix_probesets_GSE10246.zip	Mus_musculus_probesets_GSE10246_A-AFFY-45_gcRMA.tsv	ftp://lausanne.isb-sib.ch/pub/databases/Bgee/affymetrix_data/cel_files/GSE10246/GSM258758.CEL.gz
GSE10246	GSM258759	UBERON:0001782	pigmented layer of retina	MmusDv:0000062	2 month-old stage (mouse)	148978.05	46.03	gcRMA	12/21/06 12:07:01	A-AFFY-45	Mouse430_2	Affymetrix GeneChip Mouse Genome 430 2.0 [Mouse430_2]	120465.97	30.36	GEO	http://www.ncbi.nlm.nih.gov/geo/query/acc.cgi?acc=GSM258759	ftp://lausanne.isb-sib.ch/pub/databases/Bgee/bgee_v13_1/download/processed_expr_values/affymetrix/Mus_musculus/Mus_musculus_Affymetrix_probesets_GSE10246.zip	Mus_musculus_probesets_GSE10246_A-AFFY-45_gcRMA.tsv	ftp://lausanne.isb-sib.ch/pub/databases/Bgee/affymetrix_data/cel_files/GSE10246/GSM258759.CEL.gz
GSE10246	GSM258760	UBERON:0001782	pigmented layer of retina	MmusDv:0000062	2 month-old stage (mouse)	152713.68	45.49	gcRMA	12/21/06 12:16:22	A-AFFY-45	Mouse430_2	Affymetrix GeneChip Mouse Genome 430 2.0 [Mouse430_2]	120465.97	30.36	GEO	http://www.ncbi.nlm.nih.gov/geo/query/acc.cgi?acc=GSM258760	ftp://lausanne.isb-sib.ch/pub/databases/Bgee/bgee_v13_1/download/processed_expr_values/affymetrix/Mus_musculus/Mus_musculus_Affymetrix_probesets_GSE10246.zip	Mus_musculus_probesets_GSE10246_A-AFFY-45_gcRMA.tsv	ftp://lausanne.isb-sib.ch/pub/databases/Bgee/affymetrix_data/cel_files/GSE10246/GSM258760.CEL.gz
GSE10246	GSM258761	UBERON:0001044	saliva-secreting gland	MmusDv:0000062	2 month-old stage (mouse)	143856.96	39.03	gcRMA	01/16/07 14:38:31	A-AFFY-45	Mouse430_2	Affymetrix GeneChip Mouse Genome 430 2.0 [Mouse430_2]	120465.97	30.36	GEO	http://www.ncbi.nlm.nih.gov/geo/query/acc.cgi?acc=GSM258761	ftp://lausanne.isb-sib.ch/pub/databases/Bgee/bgee_v13_1/download/processed_expr_values/affymetrix/Mus_musculus/Mus_musculus_Affymetrix_probesets_GSE10246.zip	Mus_musculus_probesets_GSE10246_A-AFFY-45_gcRMA.tsv	ftp://lausanne.isb-sib.ch/pub/databases/Bgee/affymetrix_data/cel_files/GSE10246/GSM258761.CEL.gz
GSE10246	GSM258762	UBERON:0001044	saliva-secreting gland	MmusDv:0000062	2 month-old stage (mouse)	138433.73	37.57	gcRMA	01/16/07 14:47:57	A-AFFY-45	Mouse430_2	Affymetrix GeneChip Mouse Genome 430 2.0 [Mouse430_2]	120465.97	30.36	GEO	http://www.ncbi.nlm.nih.gov/geo/query/acc.cgi?acc=GSM258762	ftp://lausanne.isb-sib.ch/pub/databases/Bgee/bgee_v13_1/download/processed_expr_values/affymetrix/Mus_musculus/Mus_musculus_Affymetrix_probesets_GSE10246.zip	Mus_musculus_probesets_GSE10246_A-AFFY-45_gcRMA.tsv	ftp://lausanne.isb-sib.ch/pub/databases/Bgee/affymetrix_data/cel_files/GSE10246/GSM258762.CEL.gz
GSE10246	GSM258763	UBERON:0001134	skeletal muscle tissue	MmusDv:0000062	2 month-old stage (mouse)	159948.68	43.28	gcRMA	12/19/06 15:38:18	A-AFFY-45	Mouse430_2	Affymetrix GeneChip Mouse Genome 430 2.0 [Mouse430_2]	120465.97	30.36	GEO	http://www.ncbi.nlm.nih.gov/geo/query/acc.cgi?acc=GSM258763	ftp://lausanne.isb-sib.ch/pub/databases/Bgee/bgee_v13_1/download/processed_expr_values/affymetrix/Mus_musculus/Mus_musculus_Affymetrix_probesets_GSE10246.zip	Mus_musculus_probesets_GSE10246_A-AFFY-45_gcRMA.tsv	ftp://lausanne.isb-sib.ch/pub/databases/Bgee/affymetrix_data/cel_files/GSE10246/GSM258763.CEL.gz
GSE10246	GSM258764	UBERON:0001134	skeletal muscle tissue	MmusDv:0000062	2 month-old stage (mouse)	158873.41	42.11	gcRMA	12/19/06 15:47:35	A-AFFY-45	Mouse430_2	Affymetrix GeneChip Mouse Genome 430 2.0 [Mouse430_2]	120465.97	30.36	GEO	http://www.ncbi.nlm.nih.gov/geo/query/acc.cgi?acc=GSM258764	ftp://lausanne.isb-sib.ch/pub/databases/Bgee/bgee_v13_1/download/processed_expr_values/affymetrix/Mus_musculus/Mus_musculus_Affymetrix_probesets_GSE10246.zip	Mus_musculus_probesets_GSE10246_A-AFFY-45_gcRMA.tsv	ftp://lausanne.isb-sib.ch/pub/databases/Bgee/affymetrix_data/cel_files/GSE10246/GSM258764.CEL.gz
GSE10246	GSM258765	UBERON:0002240	spinal cord	MmusDv:0000062	2 month-old stage (mouse)	166688.68	52.5	gcRMA	12/15/06 16:24:02	A-AFFY-45	Mouse430_2	Affymetrix GeneChip Mouse Genome 430 2.0 [Mouse430_2]	120465.97	30.36	GEO	http://www.ncbi.nlm.nih.gov/geo/query/acc.cgi?acc=GSM258765	ftp://lausanne.isb-sib.ch/pub/databases/Bgee/bgee_v13_1/download/processed_expr_values/affymetrix/Mus_musculus/Mus_musculus_Affymetrix_probesets_GSE10246.zip	Mus_musculus_probesets_GSE10246_A-AFFY-45_gcRMA.tsv	ftp://lausanne.isb-sib.ch/pub/databases/Bgee/affymetrix_data/cel_files/GSE10246/GSM258765.CEL.gz
GSE10246	GSM258766	UBERON:0002240	spinal cord	MmusDv:0000062	2 month-old stage (mouse)	162790.36	49.32	gcRMA	12/15/06 17:05:25	A-AFFY-45	Mouse430_2	Affymetrix GeneChip Mouse Genome 430 2.0 [Mouse430_2]	120465.97	30.36	GEO	http://www.ncbi.nlm.nih.gov/geo/query/acc.cgi?acc=GSM258766	ftp://lausanne.isb-sib.ch/pub/databases/Bgee/bgee_v13_1/download/processed_expr_values/affymetrix/Mus_musculus/Mus_musculus_Affymetrix_probesets_GSE10246.zip	Mus_musculus_probesets_GSE10246_A-AFFY-45_gcRMA.tsv	ftp://lausanne.isb-sib.ch/pub/databases/Bgee/affymetrix_data/cel_files/GSE10246/GSM258766.CEL.gz
GSE10246	GSM258767	UBERON:0002106	spleen	MmusDv:0000062	2 month-old stage (mouse)	170509.14	48.74	gcRMA	12/13/06 15:59:50	A-AFFY-45	Mouse430_2	Affymetrix GeneChip Mouse Genome 430 2.0 [Mouse430_2]	120465.97	30.36	GEO	http://www.ncbi.nlm.nih.gov/geo/query/acc.cgi?acc=GSM258767	ftp://lausanne.isb-sib.ch/pub/databases/Bgee/bgee_v13_1/download/processed_expr_values/affymetrix/Mus_musculus/Mus_musculus_Affymetrix_probesets_GSE10246.zip	Mus_musculus_probesets_GSE10246_A-AFFY-45_gcRMA.tsv	ftp://lausanne.isb-sib.ch/pub/databases/Bgee/affymetrix_data/cel_files/GSE10246/GSM258767.CEL.gz
GSE10246	GSM258768	UBERON:0002106	spleen	MmusDv:0000062	2 month-old stage (mouse)	166609.64	50.1	gcRMA	12/13/06 15:50:38	A-AFFY-45	Mouse430_2	Affymetrix GeneChip Mouse Genome 430 2.0 [Mouse430_2]	120465.97	30.36	GEO	http://www.ncbi.nlm.nih.gov/geo/query/acc.cgi?acc=GSM258768	ftp://lausanne.isb-sib.ch/pub/databases/Bgee/bgee_v13_1/download/processed_expr_values/affymetrix/Mus_musculus/Mus_musculus_Affymetrix_probesets_GSE10246.zip	Mus_musculus_probesets_GSE10246_A-AFFY-45_gcRMA.tsv	ftp://lausanne.isb-sib.ch/pub/databases/Bgee/affymetrix_data/cel_files/GSE10246/GSM258768.CEL.gz
GSE10246	GSM258771	UBERON:0000945	stomach	MmusDv:0000062	2 month-old stage (mouse)	165774.73	50.43	gcRMA	12/19/06 14:41:52	A-AFFY-45	Mouse430_2	Affymetrix GeneChip Mouse Genome 430 2.0 [Mouse430_2]	120465.97	30.36	GEO	http://www.ncbi.nlm.nih.gov/geo/query/acc.cgi?acc=GSM258771	ftp://lausanne.isb-sib.ch/pub/databases/Bgee/bgee_v13_1/download/processed_expr_values/affymetrix/Mus_musculus/Mus_musculus_Affymetrix_probesets_GSE10246.zip	Mus_musculus_probesets_GSE10246_A-AFFY-45_gcRMA.tsv	ftp://lausanne.isb-sib.ch/pub/databases/Bgee/affymetrix_data/cel_files/GSE10246/GSM258771.CEL.gz
GSE10246	GSM258772	UBERON:0000945	stomach	MmusDv:0000062	2 month-old stage (mouse)	170811.55	52.07	gcRMA	12/19/06 14:51:22	A-AFFY-45	Mouse430_2	Affymetrix GeneChip Mouse Genome 430 2.0 [Mouse430_2]	120465.97	30.36	GEO	http://www.ncbi.nlm.nih.gov/geo/query/acc.cgi?acc=GSM258772	ftp://lausanne.isb-sib.ch/pub/databases/Bgee/bgee_v13_1/download/processed_expr_values/affymetrix/Mus_musculus/Mus_musculus_Affymetrix_probesets_GSE10246.zip	Mus_musculus_probesets_GSE10246_A-AFFY-45_gcRMA.tsv	ftp://lausanne.isb-sib.ch/pub/databases/Bgee/affymetrix_data/cel_files/GSE10246/GSM258772.CEL.gz
GSE10246	GSM258779	UBERON:0000473	testis	MmusDv:0000062	2 month-old stage (mouse)	164580.09	45.92	gcRMA	12/13/06 16:42:57	A-AFFY-45	Mouse430_2	Affymetrix GeneChip Mouse Genome 430 2.0 [Mouse430_2]	120465.97	30.36	GEO	http://www.ncbi.nlm.nih.gov/geo/query/acc.cgi?acc=GSM258779	ftp://lausanne.isb-sib.ch/pub/databases/Bgee/bgee_v13_1/download/processed_expr_values/affymetrix/Mus_musculus/Mus_musculus_Affymetrix_probesets_GSE10246.zip	Mus_musculus_probesets_GSE10246_A-AFFY-45_gcRMA.tsv	ftp://lausanne.isb-sib.ch/pub/databases/Bgee/affymetrix_data/cel_files/GSE10246/GSM258779.CEL.gz
GSE10246	GSM258780	UBERON:0000473	testis	MmusDv:0000062	2 month-old stage (mouse)	160258.59	45.02	gcRMA	12/13/06 15:41:11	A-AFFY-45	Mouse430_2	Affymetrix GeneChip Mouse Genome 430 2.0 [Mouse430_2]	120465.97	30.36	GEO	http://www.ncbi.nlm.nih.gov/geo/query/acc.cgi?acc=GSM258780	ftp://lausanne.isb-sib.ch/pub/databases/Bgee/bgee_v13_1/download/processed_expr_values/affymetrix/Mus_musculus/Mus_musculus_Affymetrix_probesets_GSE10246.zip	Mus_musculus_probesets_GSE10246_A-AFFY-45_gcRMA.tsv	ftp://lausanne.isb-sib.ch/pub/databases/Bgee/affymetrix_data/cel_files/GSE10246/GSM258780.CEL.gz
GSE10246	GSM258787	UBERON:0002331	umbilical cord	UBERON:0000104	life cycle	165326.55	53.61	gcRMA	03/08/07 18:22:51	A-AFFY-45	Mouse430_2	Affymetrix GeneChip Mouse Genome 430 2.0 [Mouse430_2]	120465.97	30.36	GEO	http://www.ncbi.nlm.nih.gov/geo/query/acc.cgi?acc=GSM258787	ftp://lausanne.isb-sib.ch/pub/databases/Bgee/bgee_v13_1/download/processed_expr_values/affymetrix/Mus_musculus/Mus_musculus_Affymetrix_probesets_GSE10246.zip	Mus_musculus_probesets_GSE10246_A-AFFY-45_gcRMA.tsv	ftp://lausanne.isb-sib.ch/pub/databases/Bgee/affymetrix_data/cel_files/GSE10246/GSM258787.CEL.gz
GSE10246	GSM258788	UBERON:0002331	umbilical cord	UBERON:0000104	life cycle	164753.64	53.08	gcRMA	03/09/07 12:11:36	A-AFFY-45	Mouse430_2	Affymetrix GeneChip Mouse Genome 430 2.0 [Mouse430_2]	120465.97	30.36	GEO	http://www.ncbi.nlm.nih.gov/geo/query/acc.cgi?acc=GSM258788	ftp://lausanne.isb-sib.ch/pub/databases/Bgee/bgee_v13_1/download/processed_expr_values/affymetrix/Mus_musculus/Mus_musculus_Affymetrix_probesets_GSE10246.zip	Mus_musculus_probesets_GSE10246_A-AFFY-45_gcRMA.tsv	ftp://lausanne.isb-sib.ch/pub/databases/Bgee/affymetrix_data/cel_files/GSE10246/GSM258788.CEL.gz
GSE10246	GSM258789	UBERON:0000995	uterus	MmusDv:0000062	2 month-old stage (mouse)	184167.32	56.68	gcRMA	12/13/06 16:52:17	A-AFFY-45	Mouse430_2	Affymetrix GeneChip Mouse Genome 430 2.0 [Mouse430_2]	120465.97	30.36	GEO	http://www.ncbi.nlm.nih.gov/geo/query/acc.cgi?acc=GSM258789	ftp://lausanne.isb-sib.ch/pub/databases/Bgee/bgee_v13_1/download/processed_expr_values/affymetrix/Mus_musculus/Mus_musculus_Affymetrix_probesets_GSE10246.zip	Mus_musculus_probesets_GSE10246_A-AFFY-45_gcRMA.tsv	ftp://lausanne.isb-sib.ch/pub/databases/Bgee/affymetrix_data/cel_files/GSE10246/GSM258789.CEL.gz
GSE10246	GSM258790	UBERON:0000995	uterus	MmusDv:0000062	2 month-old stage (mouse)	180887.64	53.99	gcRMA	12/13/06 16:33:34	A-AFFY-45	Mouse430_2	Affymetrix GeneChip Mouse Genome 430 2.0 [Mouse430_2]	120465.97	30.36	GEO	http://www.ncbi.nlm.nih.gov/geo/query/acc.cgi?acc=GSM258790	ftp://lausanne.isb-sib.ch/pub/databases/Bgee/bgee_v13_1/download/processed_expr_values/affymetrix/Mus_musculus/Mus_musculus_Affymetrix_probesets_GSE10246.zip	Mus_musculus_probesets_GSE10246_A-AFFY-45_gcRMA.tsv	ftp://lausanne.isb-sib.ch/pub/databases/Bgee/affymetrix_data/cel_files/GSE10246/GSM258790.CEL.gz
